caption,label
".
Ultimi bagni d'agosto... poi tutti a lavoro (Tutti! Sarebbe bello...) tutti a scuola, tutti allo stadio! Mi sfugge qualcosa? Almeno in Italia, questa Ã¨ (sarebbe) la normalitÃ ...
.
Last baths in august... then everyone at work (Everyone! It would be nice...) everyone at school, everyone at the stadium! Am I missing something? At least in Italy, this is (would be) the norm...
.
Buona serata/
Peaceful evening ğŸ™â›±âš“â›µ
_
#ostuni #puglia #salento #mare #summer #summer2020 #beach #coast #adriatisea #seacoast #adriatico #adriatic #seaport #ship #boats #sealovers #sea #location #discovery #travel #trip #touring #around #tourism #life #clickfor_brindisi #welcometopuglia #welcometosalento #igerspuglia #igersalento",mare
#tropea #italy #bucht #italia #felsen #ship #yacht #skyline #sea #mare #mittelmeer #meer #nature #natur #landscapephotography #landschaft #summertime #summer #sommer #vacation #holiday #calabria,mare
"ğ•€ğ• ğ•ğ•’ğ•£ğ•– ğ•™ğ•’ ğ•¢ğ•¦ğ•–ğ•¤ğ•¥ğ•’ ğ•”ğ•’ğ•¡ğ•’ğ•”ğ•šğ•¥Ã ; ğ•£ğ•–ğ•¤ğ•¥ğ•šğ•¥ğ•¦ğ•šğ•¤ğ•”ğ•– ğ•¥ğ•¦ğ•¥ğ•¥ğ•  ğ••ğ• ğ•¡ğ•  ğ•¦ğ•Ÿ ğ•¡ğ• â€™ ğ••ğ•š ğ•¥ğ•–ğ•ğ•¡ğ• , ğ•¤ğ•¡ğ•–ğ•”ğ•šğ•’ğ•ğ•ğ•–ğ•Ÿğ•¥ğ•– ğ•š ğ•£ğ•šğ•”ğ• ğ•£ğ••ğ•š.
.
.
.
#seaside #mare #estate2020 #estateaddosso #estateitaliana #sanpietroinbevagna #salento #lovissimabikini ğŸ‘™",mare
Total relax â£ï¸#mare#montagna#amore#amicizia#divertimento#sunset#costierasorrentina#pool#photography#relax#aperitivo#instagood,mare
"zezzenella is over ğŸ˜…
#feriefinite#ğŸ˜…#siritornaallanormalitÃ #voglioviverecosÃ¬#mare#relax#life#love#istagram#zezzenellaisover#istaphoto#sunday#summertime",mare
"Ridi ogni volta che puoi: Ã¨ una medicina a buon mercato ğŸ¤“
#smile #sole #cuore #mare #summertime #summervibes #summeroutfits #instalike #instaphoto #instamoment #instapic #instame #untuffodovelacquaepiublu #nientedipiÃ¹ #loveit #thesummerismagic #photography #photooftheday #photo #me #happymoments #happyness",mare
"Sicilia on the road
7 Macari 
Per me la spiaggia piÃ¹ bella di San Vito Lo CapoğŸ˜
#mare#marechiaro#mareprofumodimare#spiagge#spiaggeitaliane#spiaggedasogno#spiaggiağŸŒ´#macari#sanvitolocapo",mare
Il Paesaggio ... tutto ciÃ² che si incastra tra il respiro e la pelle ğŸ’™ #paesaggio #mare #sea #paesaggiomarino #beautiful #sardegna #sardegnaofficial #sardinia #vacanzeitaliane #italy #beautifulday #sun #estate #travelsardinia #travelphotography #puntaest,mare
â¤ï¸ #fiore #beach #mare #amorenelaire #happy #summertime #moment,mare
O Gesucrist e Maratea ! ğŸ˜‚ @giusy_caliendo #mylove #mare #lestateancoranonÃ¨finita,mare
â›©ğŸ“¿ #viaggiare #travel #viaggio #italia #viaggi #travelphotography #italy #travelgram #viaggiaresempre #vacanze #travelling #instatravel #travelblogger #mare #estate #photography #viaggiarechepassione #turismo #love #trip #wanderlust #picoftheday #photooftheday #nature #instagood #viaggiatori #viaggiando #holiday,mare
"Non Ã¨ l'ultimo giorno di mare.... no! 
.
.
.
.
.
.
.

 #mare #sea #italy #summer #italia #photography #picoftheday #love #nature #sun #photooftheday #beach #sunset #landscape #sky #beautiful #holiday #estate #photo #igersitalia #travelphotography #sole #spiaggia #relax #bikini #girls #friends",mare
#salentomoda #italy #sole #mare #vento #sabbia #lifestyle #accessories #eleganza #moda #bellezza #larouge,mare
"Back on track â¤ï¸

#horse #horsesofinstagram #chestnut #mare #practice #proud #eskadron #equestrian #jumpinghorse #thinkpink #merrie #trots #oefeningbaartkunst",mare
â˜€ï¸â˜€ï¸â˜€ï¸ğŸğŸ–ğŸğŸğŸ–ğŸ–ğŸ #mare #maremaremare #marechiaro #vistamare  #scogli #mareblu #ancoraestate #senzapensieri #gentedimare #vogliadimare #spiaggia #spiagge #sabbia #sole #tranquillitÃ  #riposo,mare
"LaÂ ferrovia Cosenza-San Giovanni in FioreÂ (detta ancheÂ ferroviaÂ Silana) Ã¨ unaÂ linea ferroviariaÂ aÂ scartamento ridottoÂ dellaÂ CalabriaÂ che collega la cittÃ  diÂ CosenzaÂ al suoÂ entroterra silanoÂ raggiungendo le rinomate localitÃ  montane tra cuiÂ Camigliatello Silano. Successivamente dalÂ 1997Â il tratto da quest'ultima localitÃ  fino aÂ San Giovanni in FioreÂ fu sospeso dal servizio regolare, ed era utilizzato solo per treni turistici. ğŸŒ²ğŸŒ²ğŸŒ²
Seguimi su @_ross_ph
.
.
.
#calabria #italia #italy #cosenza #nature #instagood #food #photooftheday #photography #mare #sunset #picoftheday #like #instagram #sud #naturaÂ  #madeinitaly #likeforlikes #viviamolacalabria #italianfood #calabriadascoprire #calabrese #beautiful #casa #calabriaphoto  #storia #stories #ferrovia #sila #camigliatello",mare
#scogliera #mare #sea #nature #italy #instagood #landscape #scogli #italia #photography #photooftheday #picoftheday #sunset #panorama #travel #natura #naturephotography #summer #salento #sky #estate #sole #abbruzzo #cliff #instalike #photo #porto,mare
"Ostatnie promyki sÅ‚oÅ„ca trzeba zÅ‚apaÄ‡ na zapas â˜€ï¸
.
.
.
#lato#wakacje#spokÃ³j#morze#natura#slowlife#grecja#greece#rhodos#nature#seaside#silence#travel#viaggio#grecia#sole#mare#vacanze",mare
"Il gelato con la briosch non si batteğŸ’£ğŸ’¥ğŸ’¯ğŸ” 
#sicily #gelatoartigianale #sole #mare #relax",mare
"Non ho mai visto le onde arrendersi ... per questo amo il mareâ¤ï¸
.
.
.
#mare#estate#estate2020#estateitaliana",mare
End of summer 2020 ğŸŒŠ #summer #summervibes #summertime #fashion #love #estate #nature #travel #beach #instagood #varigotti #sea #photooftheday #photography #style #picoftheday #sunset #summer2020 #sun #instagram #italy #liguria #like #ig #vacation #follow #holiday #mare #happy #bhfyp,mare
"â€¢ Live your dreams, it's not as hard as it may seem 
You gotta work to get the cream 
On your hopes you must lean 
From your fears, you have to win yourself
It's all or nothing, Give your everything â€¢ 
#me #girl #estate #summer #sun #sunday #sunset #blackandwhite #red #sea #mare #amazing #love #lifestyle #photooftheday #instadaily ğŸš€",mare
"Dagje de tourist uithangenğŸ˜ğŸ‘‹ğŸ»ğŸŒ·âš˜
#polignanoamare #tourist #mare #tuktuk #weekend #gezellig #HollanditaliÃ« #goehoed",mare
Had a good final day of shipping yearlings out! #eatbeef #agribeef #barOranch #daviscattleco #ranchlife #idahocowboygal #idahome #pamela #dillonsladydunit #mare #ranchhorse,mare
Ultimi giorni di unâ€™estate tutta da ricordare â˜€ï¸ #gioiainfinita #estate2020 #sicilia #sicilianboy #mollarella #sole #mare #sea #nautilus #instalike #instagood #followforfollowback #likeforlikes #followmeback,mare
#puglia #capilungo #capilungomarinadialliste #marinadisangregorio #mare #maremaremare #pugliaview,mare
"Per chi ha occhi, il tramonto eÌ€ uno spettacolo che non tramonta mai.
#cilento #cilentocoast #sanmarcodicastellabate #sunsets #sunset #sunsetphotography #sea #mare#campaniadavivere #campania#tramonto #agosto#italy#landscapephotography #landscape_captures #landscape #summer #yallersitalia #shotz_of_italia #naturephotography #sunset_pics #suditalia #southitaly #sud_super_pics #cilentogram #cilentomeraviglie #benvenutialsud",mare
#amare #mare #sole #relax #time #nolose #rich #water #plain #gcds #bo #finchemortenoncisepari #nolimits #nice #day #off #white #blu #yellow #nofilter #vibes #goodluck #yes,mare
"[...Fammi sentire il mare 
Al centro di questa cittÃ ...] 
#me #estate #mare #vacanza #love #relax #ligabue #instaphoto #sea  #musica #memories",mare
#torrechianca #acquadolce #mare #salento #italia #estate #fineagosto #dronephotography #dronestagram #drone #StronZino,mare
#moon #sky #sea #night #notte #luna #lunapiena #mare #maremaremare #mer #lune #lunes #nuit,mare
#giornata #inbarca #sole #mare #relax #love â™¥ï¸â™¥ï¸ğŸ˜ğŸ˜ @basile_davide,mare
Isola Dâ€™Elba  #isoladelba #enfola #tramonto #mare #felicitÃ ,mare
#baranodischia #ischia #estate2020 #vacanzeinitalia #paesemeraviglioso #campania #mare #girodellisola #caldo,mare
"~ A  p i e d i  n u d i ğŸ‘£
.
.
Per le viuzze di #sanvitolocapo mi son ritrovata questa bella porta colorata di #azzurro. Un colore che mi trasmette serenitÃ , penso proprio per l'associazione che il mio cervello in automatico fa con il #mare e con il #cielo. Quei posti infinitamente estesi, dove rivolgo lo sguardo quando  sento il bisogno di #pace.
.
.
#pacedeisensi
#throwbackpic
#siciliaoccidentale",mare
#sunrise #alba #amanecer #leverdesoleil #sea #mare #mar #mer #canetplage,mare
"Profumo di panni.

#gallipoli #Puglia #salento #estate #vacanza #mare #balconi #igersalento #igerspuglia #instasalento",mare
The last day of freedom......ğŸŒŠâ›…ï¸â¤ï¸ #mare  #libertÃ  #nuvole #ventotraicapelli #freedom #salsedine #respirare #musica #felicitÃ  #mimancherÃ  #amore #passioneperilmare #viveresenzafiltri #rimini,mare
"ğŸ– Summer photographs ğŸŒŠ
 #mare #sea #italy #summer #travel #italia #photography #picoftheday #love #nature #instagood #sun #photooftheday #beach #sunset #landscape #sky #beautiful #holiday #estate #instagram #photo #igersitalia #travelphotography #sardegna #sole #spiaggia #relax #sicily #instalike, sto usando @tagsfinder_com (www.tagsfinder.com)",mare
"Ineffabile Sicilia. 
Elena e Roberto accoglieranno tra poco i Loro Ospiti nel Giardino sul #mare de La Casa del Grecale ğŸŒ¸",mare
"I get up 
to see with different eyes
nature is rich enough for everyone
-
-
-
-
#estate2020 #estatefinita #gargano #puglia #calisthenics #streetworkout  #mare #sea #beach #madeinitaly #italy #paradise",mare
"La barca Ã¨ piÃ¹ sicura nel porto, ma non Ã¨ per questo che le barche sono state costruite â›µâ›µâ›µA ship in harbor is safe, but that is not what ships are built for.
ğŸš£ğŸ»â€â™€ï¸LIVEğŸš£ğŸ»â€â™€ï¸LOVEğŸš£ğŸ»â€â™€ï¸EXPLORE
. 
.
. 
#boat #ship #sunsetlover #sunset_pics #sealife #sealovers #maremaremare #mareprofumodimare #lovetravel #lovesea #explore #exploretheworld #exploremore #sunsets #picsamazing #seagull #seagullwatch #orizzonte #horizon #skyline #towardsthesun #mare #versolinfinitoeoltre",mare
"Ci vogliono anche  di questi giorni,
cupi, bui ma con un fazzoletto di azzurro...si intravede... Ã¨ lÃ ! 

#mare 
#emiliaromagna 
#italy 
#naturephotography 
#rain 
#claud",mare
â™¥ï¸â™¥ï¸â™¥ï¸â™¥ï¸ @gemmellarogiusy79 â™¥ï¸â™¥ï¸â™¥ï¸â™¥ï¸â™¥ï¸#estate #summer #italy #mare #italia #sea #love #instagood #travel #picoftheday #photography #nature #sun #photooftheday #beach #sunset #instagram #photo #holiday #relax #sole #beautiful #landscape #sky #spiaggia #bhfyp #like #estate2020 #instalike #vacanze,mare
"ğ“Ÿğ“¸ğ“»ğ“½ğ“ªğ“¶ğ“² ğ“¸ğ“¿ğ“¾ğ“·ğ“ºğ“¾ğ“®, ğ“¹ğ“¸ğ“»ğ“½ğ“ªğ“¶ğ“² ğ“ªğ“µ ğ“¶ğ“ªğ“»ğ“®, ğ“¹ğ“¸ğ“»ğ“½ğ“ªğ“¶ğ“² ğ“­ğ“¸ğ“¿ğ“® ğ“·ğ“¸ğ“· ğ“¼ğ“®ğ“»ğ“¿ğ“® ğ“¼ğ“¸ğ“°ğ“·ğ“ªğ“»ğ“® ğŸŒŠ
.
.
.
.
#mare #sea #tramonto #sole #foto #sardegna #sardinia #costarey #picture #scogli #meraviglioso
#me #colori #followme #liketime #romantic",mare
"E niente. Ogni qualvolta che faccio una foto, assumo sempre la stessa posa. Sono un blocco di cemento ğŸ˜†

#likeforlikes #toscana #portosantostefano #passeggiata #mare #chic #photo #photography",mare
"Mi Hombre ğŸŒ… 
.
.
#tramonto #mare #luci #summer #legend #liketime #photo #sun #photography #siesta #like #serendipity #stage #mode #lifestyle",mare
"Golden hour ğŸŒ… 
#tramonto #gaeta #mare #sea #porto #lungomare #sunset #sky #postcard #vacation #italy",mare
#nelbludipintodiblu #dianomarina #finalmentemare  #sunset #sea #mare #estate2020 #estateitaliana,mare
"Viste di Trani - Agosto 2020
-
#viste #trani #cittÃ ditrani #puglia #mare #sea #mareditrani #landscape #panorami #palme #cielo #cieloemare #lightblue #natura #vacanzeinitalia #agosto2020",mare
"L'orso Ã¨ pura follia â€“ traditore, pazzo, imprevedibile â€“ Ã¨ una tempesta che spazza via tutto, che ti fa naufragare quando credi di trovarti in piena bonaccia. Da' retta, Kelderek, non fidarti mai dell'orso. Ti promette il potere di Dio, poi ti tradisce e ti conduce alla rovina. (Richard Adams)
|
 #italia #italy #trekking #trekkingitalia #natura #nature #naturaselvaggia #intothewild #avventura #instagood 
#adventure #viaggiare #travel #outdoor #escursione #montagna #mountain #life #instagram #survival 
#photooftheday #picoftheday #photo #landscape #bear #orso #naturephotography #prepper #animal #animali",montagna
Total relax â£ï¸#mare#montagna#amore#amicizia#divertimento#sunset#costierasorrentina#pool#photography#relax#aperitivo#instagood,montagna
#serina#passegata#montagna#italia,montagna
"22.08.2020 ~  San Giovanni al Monte ğŸŒˆğŸ®
.
#arcobaleno #rainbow #montagna #mountain #arco #visittrentino #visititaly #sangiovannialmonte",montagna
"Un attimo prima delle forti raffiche di vento che ci hanno costretto poi alla non dormita in una panca a cielo aperto. AnzichÃ© nella tenda che voleva proprio prendere il volo.
Nei dintorni del rifugio Carlo Franchetti m2433. 
#gransasso #cornopiccolo #appennini #tramonto #sunset #sunsetphotography #rifugiofranchetti #bivacco #naturephotography #naturelover #montagna #editing #canonphotography",montagna
"Scenari unici al mondo, bellezze naturali cosÃ¬ incredibili da meritarsi un posto nella lista dei patrimoni UNESCO...non siete in paradiso ma sulle Dolomiti ğŸ” date unâ€™occhiata alla storia in evidenza â€œTrentinoâ€ per scoprire giri panoramici e camminate avventurose alla scoperta della catena montuosa piÃ¹ bella che ci sia ğŸ˜‰ #dolomiti #dolomites #mountains #italy #nature #landscape #travel #mountain #italia #trentino #hiking #naturephotography #photography #alps #altoadige #trekking #picoftheday #trentinoaltoadige #montagna #dolomiten #lake #photooftheday #landscapephotography #lagodibraies #naturelovers #sÃ¼dtirol #southtyrol #travelphotography #firstposts #dolomitiunesco",montagna
"ğŸŒ„

#roccia #rocks #rocce #rock 
#montagna #mountains  #valle #vallata #valdayas #vistamontagna #panorama #montagne #monterosa #foto #fotografia #photo #photographylovers #champoluc #escursione #photography #photographer #photographers #alpi  #vistamozzafiato #italy #bestview #paesaggiomontano #capturingstory #escursionismo #valledaosta",montagna
"M O N T A G N E  I N  T E S T A
Stamattina Ã¨ arrivata la prima neve â„ï¸ sulle #montagnedicasa e non ho saputo resistere!
.
#montagnedilana #montagneintesta #montagna #montagne #monviso #monvisounesco #neve #pontechianale #vallevaraitatrekking #vallevaraita #vallidelmonviso #terresmonviso #fascia #trekking #headband #handmade #handmadeheadband #outdoor #donnedimontagna #mountains #mountainlovers #mountain #mountaingirls #trekking #amolemiemontagne #pontechianale",montagna
"Io che cerco di ricordare che pianta Ã¨ quella. SarÃ  forse un epilobio? Ci vorrebbe qualcuno laureato in scienze naturali...
Del rosa ho giÃ  detto, vero?
.
.
.
#epilobio #scienzenaturali #montagna #ventina #valmalenco #trekking #hiking #rosa #pink",montagna
"Cascate del Tuorno 
#natura #nature #naturephotography #italia #photography #italy #love #landscape #naturelovers #photo #naturaleza #ig #green #photooftheday #instagood #travel #picoftheday #fotografia #fiume #montagna #lucania #relax #summer #sky #trekking #bhfyp",montagna
"The first snow...

#photopassion #naturperfection #photooftheday  #pictureoftheday #swissmountains #naturephotography #wonderful_places #wonderfulnature #montagna #wandern #schweizerberge #picoftheday #ig_myshot  #ig_nature_naturally #nature #naturpaÌˆrke #adventureisoutside #views #poweredbynature #unexpectedpoetry #madeinbern",montagna
"Ci sono sentirti difficili da percorrere ma vanno comunque intrapresi ... 
A volte sbagliar strada Ã¨ la cosa migliore che ti puÃ² capitare ... #natura #laceno #irpinia #paesaggio #paesaggiirpini #paesaggicampani #fiumara #sentieri #cai #italia #montagna #trakking #escursione #avventura #strada #libertÃ  #relax #verde #fiume #acqua #vita #foresta #cammino #canion #campania #landscape #foto #avellino #albero #sassi",montagna
#relax #panorama #montagna #home,montagna
"heilağŸ’˜
questo sarÃ  l'ultimo post del tema (anche se non mi convince per nienteğŸ¤”) con lo sfondo bianco! da settembre ci sarÃ  un altro tema molto coloratoâ¤ï¸

qual Ã¨ la vostra materia preferita?

#studygram #study #studygrammer #brushpens #brushpen #lettering #emoji #studymotivation #beasletters #montagna #art #colour #tombow #lyrafeelcreative #crayolasupertips #bujo #bulletjournal #bujo #bujoinspiration #bujoideas #august #reel #vacanza @whitelinespaper",montagna
"Marmolada riflessa
www.maxgiorgetta.it
@max_giorgetta_wedding 
@sony @alphasony
#dolomiti #photoftheday #marmolada
#lagofedaia
#paesi #peradifassa #lake #italy #landscape #igersitalia
#hashtag #hashtaginstagram
#instagram #mountain #volgoitaly
#scorcitaliani
#igerstrento  #visitatrento
#ig_trentino #trentino_cartoline #besttrentinopics
#nicepictures
#trentino
#montagna
#trekkingitaly
#italipics
#italyexposure",montagna
"â€œIl paradiso Ã¨ sotto i nostri piedi, cosÃ¬ come sopra le nostre teste.â€
â€¢
â€¢
â€¢
â€¢
â€¢

Copy
#dolomiti #dolomites #mountains #italy #trentino #nature #italia #altoadige #trentinoaltoadige #dolomiten #mountain #dolomitiunesco #montagna #landscape #veneto #alps #instadolomiti #trekking #travel #hiking #montagne #photography",montagna
,montagna
"Startrail dietro al Cervino ğŸ¤©

#discoverwithalpha #it_ilc #a7iii #a7m3 #sel24105g

#nature #naturelovers #landscape #landscapephotography #lungaesposizione #longesposure #hiking #alpi #alps #cervinia #breuilcervinia #cervino #montecervino #matterhorn #montagna #mountains #valledaosta #valtournenche #stars #startrail

@cvaltournenche @valturnenche @cerviniavalt
@cervino_village @valle.del.cervino @zermatt.matterhorn @matterhornview @valledaosta_official @valledaostaimmaginiemozioni @valledaostanelcuore @startrails_art",montagna
"Lilac Sunday! 

#sunday #home #mountain #mountains #mountainlandscape #nature #mountaineering #montagne #naturephotography #hiking #scotland_greatshots #scotland #clouds #explorer #skyporn #autumn #water #montagna #neverstopexploring #landscape_lovers #bird #lake #nofilter #natureaddict #beautiful #hiddenscotland #panorama #naturelovers #treeporn #scotlandshots",montagna
ğ’®â„´ğ“‚â„¯ğ“Œğ’½â„¯ğ“‡â„¯ ğ’¾ğ“ƒ ğ“ƒâ„´ğ“‡ğ“‰ğ’½ ğ’¾ğ“‰ğ’¶ğ“ğ“ğŸ‘’ #pic#picoftheday#photo#photography#photooftheday#photographylovers#travelphotography#travel#travelgram#travelblogger#picture#sky#colline#montagna,montagna
"â€œLâ€™essenza di un uomo si trova nei suoi difetti.â€
#relax #relaxtime #spa #idromassaggio #sauna #bagnoturco #massaggio #pontedilegno #pontedilegnotonale #montagna #mountains #mountain",montagna
Santa Maria #montagna #trentinoaltoadige #dobbiaco #estate2020 #nikond850,montagna
"80 metri di ghiacciaio spariti in 100 anni...

CosÃ¬ quello della Marmolada. Un rifugio costruito a fine 1800 ora non Ã¨ raggiungibile a piedi e il ghiaccio si Ã¨ ritirato come si vede nella foto.
Le mutazioni climatiche sono sotto i nostri occhi, ma sembra che i segnali siano inascoltati da chi ha il compito di agire e intervenire 

#marmolada #ghiacciaio #rifugio #clima #cambiamenticlimatici #ecosistema #biocorrendo #blogger #news #montagna",montagna
"Ultimo #weekend di #agosto
#weekendbelli #cameraconvista #liberalamente #staccalaspina #freeyourmind #montagna #natura #naturephotography #naturelovers #naturescape #natureaddict #naturevibes #naturepic #mountainscape #mountainvibes #mountainlovers #mountainexcursion #mountainphotography #mountainlandscape #italianlandscape #paesaggi_italiani",montagna
"Neve di fine agosto
#neve #snow #primaneve #montagna #verbier #brrr",montagna
,montagna
#xiaomi #calabria #passione_fotografica #verso_sud #ig_italia #montagna #calabriadaamare #igerscalabria #yallersitalia #yallerscalabria #ig_calabria #volgoitalia #volgocalabria #don_in_italy #vivo_italia #italy_photolovers #loves_madeinitaly #thehub_italia #new_photoitalia #total_italy #sud_super_pics #gf_italy #kings_shots #kings_alltags #italia_dev #italia_shotz #shotz_of_italia #italia_super_pics #visititalia #foto_italiane,montagna
"ğŸï¸ğŸ‡®ğŸ‡¹

#lagodibraies #lago #braies #lake #italia #travel #italiatravel #montagna",montagna
Ultima passeggiata in compagnia #montagna#pace#finevacanza#,montagna
"Freedom ğŸŒ±
.
.
.
#domenica#gita#sunday#eremo#eremodisanbartolomeo#abruzzo#roccamorice#smile#libertÃ #ariapure#montagna#freedom#love",montagna
#aperitime  #aperolspritz #aperitivo #aperol #aperoltime #cibo #food #foodpics #foodlover #foodblogger #cheese #formaggi di #montagna #tomadalpeggio #toma #gorgonzola #formaggio #italianfood  #italy  #break #pausa #relax #summertime,montagna
"Cima Croz dell'Altissimo

#crozdellaltissimo #cimacrozdellaltissimo #peperonifeliciontour #summer #travel #vacation #scenery #mountainview  #mountaintop #naturelover #openfield #walking #dolomiti #dolomitidibrenta #dolomites #montagna #mountain #mountainlover #nature #natureseeker #italia #italy #me #girl #italiangirl #trekking #landscapephotography #nofilter #nofilterneeded",montagna
"-1 Giorno...Ritorno di PausaCaffeÌ€ ğŸ’–
Manca sempre meno ğŸŒŸğŸ™ŠğŸ™ˆ

â€”â€”â€”â€”â€”â€”â€”â€”â€”â€”â€”â€”â€”â€”â€”â€”â€”â€”â€”â€”â€”â€”â€”â€”
#ceunfottutofood #gnam #italia #foodphotography  #dolcipassioniGF02 #modena
#HAVINGMEFOOD #emiliaromagna #foodaroundworld #foodsbaraglio2 #cottoedeliziato #attimidigusto #tradizioni #foodblogger #paneangelaefantasia #tigelle #cioccioniefelici #foodstagram #hovogliadifood #cucinadicasa #hofameistheway #foodsbaraglio2 #incucinatuttiinsieme #bardonecchia #montagna",montagna
Non ci dovete venire in CalabriağŸ’™ .. come sempre #nofilter,montagna
"Il riassunto di una vacanza in una foto..

#family #estateitaliana #vacanze2020 #altabadia #montagna #trentino #natura #relax",montagna
Somewhere between the bottom of the climb and the summit is the answer to the mystery why we climbing.ğŸ˜ğŸ˜ğŸ˜â˜€ï¸ #mountain #nature #mountains #landscape #travel #hiking #photography #naturephotography #adventure #trekking #snow #sky #photooftheday #travelphotography #landscapephotography #love #naturelovers #outdoor #outdoors #instagood #montagna #picoftheday #italy #photo #explore,montagna
#sanvitodicadore #cadore #cadoredolomiti #dolomiti #dolomitiunesco #dolomitibellunesi #instadolomiti #dolomitilovers #dolomitiamo #dolomitiemotions #dolomitidasogno #passionedolomiti #dolomiti_emotions #dolomitichepassione #dolomitivenete #montagna #montagnachepassione #passionemontagna #montagnağŸ—» #alpi #alpinismo #veneto_super_pics #veneto #venetogram #mountain #mountains #mountainlovers #mountainlife #mountainview #mountainsviews,montagna
,montagna
"Una piccola prova... Preferite una foto classica o un'animazione come questa? Fatemi sapere ğŸ˜Š
.
. 
#landscape #nature #photography #travel #landscapephotography #igersveneto #igersitalia #volgoveneto #paesaggio #igerslandscapes #paesaggioitaliano #mountains #montagna #dolomiti #dolomites #alps #cortina #dolomitesunesco #hiking #trekking #instanature #instadaily",montagna
"Camouflage â›°ğŸ‚ğŸ
Â°
Â°
Â°
#montagna
#montagnachepassione #passionemontagna #mountains #mountainliving #mountainsğŸ—» #mountainview #mountainlover #mountainside #mountainlife #vitadimontagna #boschi #wildlifephotografy #huntinglife #hunting #rustic #lake #cozycabin #intothewoods #intothewild #intothewood #adventure #wildlife #montanaro #mountain #casedimontagna #cabin #camouflage #cabinporn #parconazionaledabruzzo",montagna
#calabria #montagna #zomaro #parconazionaledaspromonte,montagna
"Per di qua

#cartello #sentiero #trentinodavivere #nuvole #paesaggioalpino #landscape #cieloenuvole #paesaggio #mountain #montagna #predazzo #valvenegia #bellezza #volgotrentinoaltoadige",montagna
"â›°ğŸ—º

.
.
.
.
.
.
.
.
.
.
.
.
.
.
.
.
.
.
.
.
.
.
.
.
.
.
#isoladelba #lagoditerranera #italia #italy #nikon #nikond3500 #nikon3500 #18140mm #photography #fotografia #mountains #montagna #summer #estate #holiday #summer2020 #estate2020 #paesaggio #landscapephotography #landscape #isoladelbaapp #clouds #nuvole #cabinoviamontecapanne",montagna
Un timido raggio di sole ci da qualche speranzağŸŒğŸŒğŸŒ#montagna #temporale #pioggia #raggiodisole #canazei #trentino #trentinoaltoadige #italy,montagna
"ğŸ“ Tre Cime di Lavaredo, 27 Agosto 2020
ğŸ“· Vista da Cima Piccola
ğŸ”µ Dolomiti Unesco
.
Valorizza il tuo locale con un'opera unica! Scrivimi per maggiori informazioni!
.
#mountainlover #dolomites #dolomiti #dolomitiunesco #montagna #rock #beautifuldestination #naturelover #naturephotography #trecime #trecimedilavaredo #visittrentino #trentinoaltoadige #visitveneto #hiking #picoftheday #lovenature #instagood #italy #inthelandofvenice #veneto #venice #onthetop #sky #trekkinglover #trekking  #ourplanetdaily #welivetoexplore  #nikonphotography #nature_shooters",montagna
"Se non scali la montagna non ti potrai mai godere il paesaggio.

(Pablo Neruda)

#escursione #bosco #cimamarta #sentieri #trekkingItalia #liguria #valle #mountainslovers #mountains #montagna #trekking #travel #italy #cieloazzurro #blusky #panoramic #followme #nature #naturephotography #ig_italia #sky #green #clouds #beautiful #beauty",montagna
"This summer is over, I hope we will be able to travel abroad next year #dobbiaco #valpusteria #rainbow #summer #estate #montagna #dolomites #dolomiti #magictrentino #visualoflife #beautifuldestination #planetdiscovery #exploretherewards #landscape_captures #landscapes #earth_shotz #landscapephotography #rainbowcolors #nature_perfection",montagna
"Marino's baby cowsğŸ˜â¤ï¸
#paluzza#paluzzacarnia#carnia#malga#malgacollinetta#vitellini#montagnachepassione#montagna#friuliveneziagiulia_love#fvgphoto#friulidascoprire#friÃ»l#collinetta#margaro#naturephotography#nature#stalla#cow#babycow#cowofinstagram#pezzatarossa#farmerlife#agricoltori#agricoltoridimontagna",montagna
#montagna #calabria #relax #natura,montagna
,montagna
